{
  "WALK_ROUTE_FACTOR": 0.3991238451966968,
  "BIKE_ROUTE_FACTOR": 1.2472620162396775
}